sub1,sub2,shared_users
audiophile,headphones,7970
audio,audiophile,2417
airpods,headphones,2385
Earbuds,headphones,1902
audio,headphones,1305
headphones,sony,1156
airpods,audiophile,1149
bose,headphones,1006
airpods,bose,755
Earbuds,airpods,733
airpods,sony,631
audiophile,sony,577
Earbuds,bose,529
Earbuds,audiophile,524
JBL,headphones,464
audiophile,bose,442
bose,sony,440
Earbuds,sony,435
JBL,airpods,385
JBL,audiophile,332
Earbuds,JBL,316
airpods,audio,261
Earbuds,audio,218
audio,sony,207
JBL,sony,195
JBL,bose,171
JBL,audio,132
audio,bose,109
