year_month,period,type,count
2023-10,Post-Launch,comment,911
2023-10,Post-Launch,submission,738
2023-11,Post-Launch,comment,850
2023-11,Post-Launch,submission,654
2023-12,Post-Launch,comment,846
2023-12,Post-Launch,submission,609
2023-6,Pre-Launch,comment,611
2023-6,Pre-Launch,submission,434
2023-7,Pre-Launch,comment,484
2023-7,Pre-Launch,submission,454
2023-8,Pre-Launch,comment,633
2023-8,Pre-Launch,submission,524
2023-9,Pre-Launch,comment,822
2023-9,Post-Launch,comment,319
2023-9,Pre-Launch,submission,481
2023-9,Post-Launch,submission,275
2024-1,Post-Launch,comment,893
2024-1,Post-Launch,submission,663
2024-2,Post-Launch,comment,601
2024-2,Post-Launch,submission,540
2024-3,Post-Launch,comment,760
2024-3,Post-Launch,submission,463
2024-4,Post-Launch,comment,608
2024-4,Post-Launch,submission,467
2024-5,Post-Launch,comment,631
2024-5,Post-Launch,submission,514
2024-6,Post-Launch,comment,777
2024-6,Post-Launch,submission,445
2024-7,Post-Launch,comment,843
2024-7,Post-Launch,submission,574
